channel,sampling_hz,mean,median,std,min,max,observed,nan_pct,lost_scheduled_pct
body_acc_x,50.0,-0.00073223514,-0.0006721812,0.19469401,-1.232238,1.299912,705792,25.0,25.0
body_acc_y,25.0,-0.00035715292,0.00066666794,0.12201096,-1.2591046,0.85025126,352896,62.5,25.0
body_acc_z,16.666666666666668,0.00012955298,7.11929e-05,0.1036373,-1.1449324,0.9786712,237722,74.73880406692057,24.80388187362401
body_gyro_x,12.5,-0.0009951754,6.762798e-06,0.3934272,-4.40937,3.9383216,176448,81.25,25.0
body_gyro_y,10.0,-0.00046373883,-0.00029985307,0.3224282,-2.4861834,3.9344568,144071,84.6904966335691,24.630137272955555
body_gyro_z,25.0,4.4081928e-05,0.00043522374,0.25553325,-2.7213323,2.3450484,352896,62.5,25.0
total_acc_x,16.666666666666668,0.80480045,0.95703983,0.41276696,-0.43255353,2.1569948,237676,74.74369219260065,24.81843257332287
total_acc_y,12.5,0.028725365,-0.08536793,0.38820374,-1.1202068,1.1759831,176448,81.25,25.0
total_acc_z,10.0,0.08661659,0.035644226,0.35469076,-1.3804429,1.2044147,144117,84.68560850788901,24.60607265422282
