,body_acc_x,body_acc_y,body_acc_z,body_gyro_x,body_gyro_y,body_gyro_z,total_acc_x,total_acc_y,total_acc_z
body_acc_x,705792,269722,182386,134597,110540,270575,182186,134912,110929
body_acc_y,269722,352896,94814,135128,55540,270291,94788,134630,55448
body_acc_z,182386,94814,237722,47318,39570,94956,182108,47496,39589
body_gyro_x,134597,135128,47318,176448,31475,134635,47227,134988,31537
body_gyro_y,110540,55540,39570,31475,144071,55591,39250,31663,110832
body_gyro_z,270575,270291,94956,134635,55591,352896,94707,134678,55567
total_acc_x,182186,94788,182108,47227,39250,94707,237676,47409,39301
total_acc_y,134912,134630,47496,134988,31663,134678,47409,176448,31610
total_acc_z,110929,55448,39589,31537,110832,55567,39301,31610,144117
