epoch,loss,lr,accuracy,balanced_accuracy,macro_f1
1,0.8003572110425342,0.0003,0.9139367018323153,0.8999704019093295,0.9053772728003616
2,0.4358648495240645,0.00029982869184432166,0.9528039977790117,0.9499835218269116,0.9507569555068307
3,0.38952885364944284,0.0002993152369210341,0.9722376457523598,0.9710671189175472,0.971297773665981
4,0.37254617498679593,0.0002984610425743922,0.9622431982232094,0.9613212782380686,0.9614111930878666
5,0.364251047372818,0.00029726845009172566,0.9622431982232094,0.9623692877682802,0.9622197571933984
6,0.3626989539374005,0.0002957407282861335,0.963353692393115,0.9620894211167849,0.9619582424666571
7,0.35241988572207367,0.0002938820645368942,0.9655746807329262,0.9663192788337676,0.9657223573090806
8,0.34878473525697534,0.0002916975533121502,0.968906163242643,0.9679933589863335,0.968165739311699
9,0.34970889308235864,0.00028919318220532514,0.9561354802887285,0.957005613580832,0.9551346883534179
10,0.34726143357428635,0.000286375815523546,0.9600222098833981,0.9619871872808933,0.9593181298154208
11,0.33988645943728363,0.0002832531754730549,0.9455857856746253,0.9447319647939896,0.945441554553454
12,0.3381734483621337,0.00027983382099317807,0.9694614103275958,0.9699476139810265,0.9697335368443118
13,0.3375281325795434,0.0002761271242968685,0.9694614103275958,0.9697379700374996,0.9694286860673679
14,0.33558564904061233,0.0002721432451821215,0.971682398667407,0.972532753917945,0.9720730606158129
15,0.3373542915691029,0.0002678931031846744,0.9611327040533038,0.9623861714705977,0.9615135231977022
16,0.32935158569704404,0.0002633883476483186,0.9627984453081622,0.9625574837572083,0.9629020673217122
17,0.3210166245698929,0.0002586413257948574,0.971682398667407,0.9730460858733577,0.9723733328542942
18,0.31641229309818963,0.00025366504888122977,0.9666851749028318,0.9663218771121853,0.9661890796402229
19,0.3171800368211486,0.00024847315653655925,0.966129927817879,0.9670105454483279,0.966605446599336
20,0.30363061820918863,0.00024307987937687847,0.960577456968351,0.9612167806179829,0.9610754755463277
21,0.3060845001177354,0.00023750000000000008,0.9672404219877846,0.9684498090509907,0.9678195163674058
22,0.30186667530374095,0.0002317488124674434,0.9677956690727374,0.968748616203559,0.9683066287039677
23,0.3045066452839158,0.00022584208038447511,0.9489172681843421,0.949540569671988,0.9498767803923825
24,0.2990965998985551,0.00021979599369316264,0.9711271515824542,0.9721969951375464,0.9716840701004102
25,0.2926305522295562,0.0002136271242968685,0.9455857856746253,0.9439189101632399,0.9456637128764106
26,0.2986514995043928,0.00020735238063781516,0.9533592448639645,0.953486151755525,0.9538609429733333
27,0.291290476240895,0.00020098896135221995,0.9677956690727374,0.9682054257104039,0.9677355950654252
28,0.289417910982262,0.00019455430813002892,0.963353692393115,0.9638212807712353,0.9634208043035873
29,0.2824243036183444,0.00018806605790845673,0.9694614103275958,0.9700954697843561,0.9696447351259208
