model,gap_pct,params,cv_f1_mean,cv_f1_std,final_epochs,train_time_s,cv_time_s,latency_ms,prepare_ms,accuracy,balanced_accuracy,macro_f1
02_zero,0,181376,0.9333195843036673,0.045669642997462054,5,7.149877375020878,38.392186957993545,0.031050141152870008,0.006711542931700414,0.9161859518154055,0.9192066156098013,0.9179083455678558
02_zero,25,181376,0.9333195843036673,0.045669642997462054,5,7.149877375020878,38.392186957993545,0.031203982287782612,0.0070671303028510685,0.9189005768578216,0.9215627176586851,0.9207481459655825
02_zero,50,181376,0.9333195843036673,0.045669642997462054,5,7.149877375020878,38.392186957993545,0.031059516140885535,0.005377516797770599,0.8937902952154734,0.8920737362670773,0.8945806082530939
02_mean,0,181376,0.9328653664604444,0.04438286685204199,3,4.035175875003915,44.41158408301999,0.031186523438009317,0.007017814726270116,0.9267051238547676,0.9280819800657264,0.9277239659099523
02_mean,25,181376,0.9328653664604444,0.04438286685204199,3,4.035175875003915,44.41158408301999,0.031019227344586398,0.006976501527850709,0.9209365456396336,0.9225879401472125,0.9222447451095489
02_mean,50,181376,0.9328653664604444,0.04438286685204199,3,4.035175875003915,44.41158408301999,0.0310502929702731,0.005951066162344922,0.8917543264336614,0.8914807737900238,0.893030215024344
02_median,0,181376,0.9365852927487969,0.04482975822175456,6,8.066961125005037,39.37694933300372,0.03116234791680957,0.006524643702429353,0.9375636240244316,0.938552673566842,0.938596503042982
02_median,25,181376,0.9365852927487969,0.04482975822175456,6,8.066961125005037,39.37694933300372,0.031101519016374368,0.006523088568332976,0.9284017645062775,0.9282380532617371,0.9288168637625271
02_median,50,181376,0.9365852927487969,0.04482975822175456,6,8.066961125005037,39.37694933300372,0.031138444008623384,0.005430564982579559,0.8836104513064132,0.8766605469271506,0.8788317210081594
02_linear,0,181376,0.9314082752369742,0.0451088868487249,6,8.072957917000167,46.28631349996431,0.031049652867901994,0.03479867933421043,0.9267051238547676,0.9281515901054531,0.9281364346452735
02_linear,25,181376,0.9314082752369742,0.0451088868487249,6,8.072957917000167,46.28631349996431,0.031186349739679525,0.03716349982949493,0.9229725144214456,0.9242959530006175,0.9241541562638766
02_linear,50,181376,0.9314082752369742,0.0451088868487249,6,8.072957917000167,46.28631349996431,0.03131449661850638,0.0327513858165262,0.8710553104852392,0.8682085499236423,0.8700862264088544
