layer,corruption,accuracy,balanced_accuracy,macro_f1
0,0.0,0.9722376457523598,0.9714879591318425,0.9718114782806898
0,0.2,0.9727928928373126,0.9718314714331907,0.9722891195522996
0,0.35,0.9639089394780678,0.9634193282364681,0.9636925769067101
0,0.5,0.9455857856746253,0.9440936145686543,0.9445423143086704
1,0.0,0.9650194336479734,0.9639630442290801,0.964831456163631
1,0.2,0.9627984453081622,0.9611927237307105,0.9623105605565715
1,0.35,0.9478067740144365,0.9449738188781739,0.9466497456057389
1,0.5,0.9328151027207107,0.9306272490927583,0.9312540123737089
2,0.0,0.9722376457523598,0.9707784663739455,0.9716133204549958
2,0.2,0.9650194336479734,0.9627687141949556,0.9641512660070518
2,0.35,0.9489172681843421,0.9463161786682021,0.9478508430582004
2,0.5,0.9328151027207107,0.9295977749482461,0.9318432873171005
3,0.0,0.9711271515824542,0.9696962724517232,0.9705891705469657
3,0.2,0.9705719044975014,0.9692077018031796,0.970050756528038
3,0.35,0.9528039977790117,0.950223607490564,0.9518682870295422
3,0.5,0.9294836202109938,0.9253316726192646,0.9274500214275313
4,0.0,0.968906163242643,0.9666528121629389,0.9677740502549063
4,0.2,0.9683509161576902,0.9660830652812038,0.9671457565047011
4,0.35,0.9483620210993893,0.9452427179824113,0.9470246079307613
4,0.5,0.9161576901721266,0.9108010203846475,0.9128336909747797
5,0.0,0.9700166574125486,0.9684803527180561,0.9692892243584806
5,0.2,0.9694614103275958,0.9678403462303354,0.9686623285610229
5,0.35,0.9455857856746253,0.9428419216573066,0.9443856165612966
5,0.5,0.9067184897279289,0.9014943276172155,0.9034450145637279
