fold,epoch,train_loss,val_loss,val_f1
1,1,0.8942303001565277,0.5695220678433519,0.9525949355485689
1,2,0.4765106057266807,0.2905344755906028,0.9341558247707065
1,3,0.4029345133220174,0.1784402308152825,0.9631682299020339
1,4,0.3830799563269718,0.20274867151632378,0.960212233395488
1,5,0.369158566119373,0.2037397974107332,0.956976134351831
1,6,0.36289602747330296,0.17541010738323712,0.9649020331131548
1,7,0.35464602354633457,0.17585016524234298,0.9574908755026742
1,8,0.3555092808794674,0.21710547606267458,0.9302152934372906
1,9,0.3489745245457278,0.18415024005704794,0.9587368229885819
1,10,0.34110780629774007,0.26160535526250267,0.9336043083802125
1,11,0.34312120808980595,0.1497183411555568,0.971503754280311
1,12,0.3364493100682943,0.2628779668388453,0.9262110989094682
1,13,0.33217823809853503,0.17893217514873383,0.9620037702751955
1,14,0.3228006472566237,0.2892353391287034,0.9123752632146301
1,15,0.3230863281464645,0.2208677443268482,0.9515602115945576
1,16,0.3105422672722754,0.1818241975999837,0.9691078635145862
1,17,0.31148201686898336,0.1902399067694384,0.9550967193496499
1,18,0.3048597678790793,0.19066955878340483,0.967101286704039
2,1,0.8739677412656585,0.5858209849421985,0.8323957070817242
2,2,0.3837832864895448,0.41140369983672515,0.8748515964266579
2,3,0.33274120530321044,0.420730480067538,0.8662545673534118
2,4,0.31879925069427917,0.4644346942503237,0.8497757267084453
2,5,0.30747152284783574,0.4455452705042277,0.8508952846897854
2,6,0.3057937554157806,0.45884973628824444,0.8678492341692475
2,7,0.30226784460924166,0.4404242047763552,0.868242359458943
2,8,0.293291378984806,0.4039473929156516,0.8892641359796484
2,9,0.2912227162219936,0.49808303677772736,0.8700825488965833
2,10,0.2927065633713968,0.41595694891753937,0.8728379294651516
2,11,0.2789310989218111,0.5346934343193934,0.8505338087361798
2,12,0.27913287355688826,0.538910935976402,0.8623100546700618
2,13,0.27816533318770437,0.48181457310345366,0.8808670863769107
2,14,0.2718837544970685,0.5240824814308654,0.8800594861114542
2,15,0.26929799934946974,0.542062880359999,0.8693587255915518
3,1,0.8231349800809783,0.4309529072276929,0.9250190885547961
3,2,0.4352970435981096,0.2053774181199535,0.9493970165521315
3,3,0.3886163129547506,0.24994174855061316,0.9318690293582875
3,4,0.3720144311371983,0.1982631432154271,0.9501507235101703
3,5,0.3609992266796744,0.17631321816483242,0.9467166823261071
3,6,0.3543359737068092,0.19044938121757293,0.9419562984142846
3,7,0.3503329786921804,0.19475906091588577,0.9420021964700666
3,8,0.34432740926693867,0.2579802673545243,0.9294813286286736
3,9,0.33923799017996165,0.21904816842218766,0.9375265799616231
3,10,0.33539147490332366,0.20431683856060695,0.9434616781496148
3,11,0.3309791720422258,0.3097759523605378,0.8962506490920852
