subject,full_f1,no_exchange_f1,delta
2,0.8722226342637232,0.873015873015873,-0.0007932387521498718
4,0.8802222149525448,0.8710023455121494,0.009219869440395434
9,0.7702976117071567,0.7735685564486897,-0.0032709447415329995
10,0.7718729004913215,0.7541509691195833,0.017721931371738164
12,0.9965811965811966,0.9936464336121283,0.0029347629690682497
13,0.9676197458455523,0.9643261296487102,0.0032936161968420974
18,0.9649210204039272,0.976036866359447,-0.011115845955519732
20,0.9631045283219196,0.9879195564130643,-0.024815028091144664
24,1.0,1.0,0.0
